Άκτιου - Βόνιτσας|"
Σύνολο Αποτελεσμάτων: 42  "
Ανατολικής Σάμου|"
Σύνολο Αποτελεσμάτων: 3  "
Άνδρου|"
Σύνολο Αποτελεσμάτων: 49  "
Άργους - Μυκηνών|"
Σύνολο Αποτελεσμάτων: 84  "
Έδεσσας|"
Σύνολο Αποτελεσμάτων: 30  "
Ήλιδας|"
Σύνολο Αποτελεσμάτων: 35  "
Ύδρας|"
Σύνολο Αποτελεσμάτων: 5  "
Αίγινας|"
Σύνολο Αποτελεσμάτων: 60  "
Αβδήρων|"
Σύνολο Αποτελεσμάτων: 31  "
Αγίας Βαρβάρας|"
Σύνολο Αποτελεσμάτων: 16  "
Αγίας Παρασκευής|"
Σύνολο Αποτελεσμάτων: 99  "
Αγίου Βασιλείου|"
Σύνολο Αποτελεσμάτων: 35  "
Αγίου Δημητρίου|"
Σύνολο Αποτελεσμάτων: 74  "
Αγίου Ευστρατίου|"
Σύνολο Αποτελεσμάτων: 4  "
Αγίου Νικολάου|"
Σύνολο Αποτελεσμάτων: 107  "
Αγίων Αναργύρων - Καματερού|"
Σύνολο Αποτελεσμάτων: 49  "
Αγαθονησίου|"
Σύνολο Αποτελεσμάτων: 3  "
Αγιάς|"
Σύνολο Αποτελεσμάτων: 45  "
Αγκιστρίου|"
Σύνολο Αποτελεσμάτων: 2  "
Αγράφων|"
Σύνολο Αποτελεσμάτων: 57  "
Αγρινίου|"
Σύνολο Αποτελεσμάτων: 108  "
Αθηναίων|"
Σύνολο Αποτελεσμάτων: 1340  "
Αιγάλεω|"
Σύνολο Αποτελεσμάτων: 108  "
Αιγιαλείας|"
Σύνολο Αποτελεσμάτων: 111  "
Αλίμου|"
Σύνολο Αποτελεσμάτων: 66  "
Αλεξάνδρειας|"
Σύνολο Αποτελεσμάτων: 48  "
Αλεξανδρούπολης|"
Σύνολο Αποτελεσμάτων: 116  "
Αλιάρτου|"
Σύνολο Αποτελεσμάτων: 21  "
Αλμυρού|"
Σύνολο Αποτελεσμάτων: 44  "
Αλμωπίας|"
Σύνολο Αποτελεσμάτων: 28  "
Αλοννήσου|"
Σύνολο Αποτελεσμάτων: 13  "
Αμάριου|"
Σύνολο Αποτελεσμάτων: 19  "
Αμαρουσίου|"
Σύνολο Αποτελεσμάτων: 351  "
Αμοργού|"
Σύνολο Αποτελεσμάτων: 12  "
Αμπελοκήπων - Μενεμένης|"
Σύνολο Αποτελεσμάτων: 44  "
Αμυνταίου|"
Σύνολο Αποτελεσμάτων: 39  "
Αμφίκλειας - Ελάτειας|"
Σύνολο Αποτελεσμάτων: 25  "
Αμφίπολης|"
Σύνολο Αποτελεσμάτων: 14  "
Αμφιλοχίας|"
Σύνολο Αποτελεσμάτων: 82  "
Ανάφης|"
Σύνολο Αποτελεσμάτων: 4  "
Ανατολικής Μάνης|"
Σύνολο Αποτελεσμάτων: 61  "
Ανδρίτσαινας - Κρεστένων|"
Σύνολο Αποτελεσμάτων: 44  "
Ανδραβίδας - Κυλλήνης|"
Σύνολο Αποτελεσμάτων: 49  "
Αντιπάρου|"
Σύνολο Αποτελεσμάτων: 10  "
Ανωγείων|"
Σύνολο Αποτελεσμάτων: 10  "
Αποκορώνου|"
Σύνολο Αποτελεσμάτων: 26  "
Αργιθέας|"
Σύνολο Αποτελεσμάτων: 54  "
Αργοστολίου|"
Σύνολο Αποτελεσμάτων: 4  "
Αριστοτέλη|"
Σύνολο Αποτελεσμάτων: 59  "
Αρριανών|"
Σύνολο Αποτελεσμάτων: 32  "
Αρταίων|"
Σύνολο Αποτελεσμάτων: 65  "
Αρχαίας Ολυμπίας|"
Σύνολο Αποτελεσμάτων: 26  "
Αρχανών - Αστερουσίων|"
Σύνολο Αποτελεσμάτων: 48  "
Ασπροπύργου|"
Σύνολο Αποτελεσμάτων: 214  "
Αστυπάλαιας|"
Σύνολο Αποτελεσμάτων: 11  "
Αχαρνών|"
Σύνολο Αποτελεσμάτων: 191  "
Βάρης - Βούλας - Βουλιαγμένης|"
Σύνολο Αποτελεσμάτων: 88  "
Βελβεντού|0
Βέλου - Βόχας|"
Σύνολο Αποτελεσμάτων: 16  "
Βέροιας|"
Σύνολο Αποτελεσμάτων: 77  "
Βιάννου|"
Σύνολο Αποτελεσμάτων: 11  "
Βισαλτίας|"
Σύνολο Αποτελεσμάτων: 19  "
Βοΐου|"
Σύνολο Αποτελεσμάτων: 50  "
Βορείων Τζουμέρκων|"
Σύνολο Αποτελεσμάτων: 30  "
Βριλησσίων|"
Σύνολο Αποτελεσμάτων: 33  "
Βόλβης|"
Σύνολο Αποτελεσμάτων: 48  "
Βόλου|"
Σύνολο Αποτελεσμάτων: 171  "
Βόρειας Κυνουρίας|"
Σύνολο Αποτελεσμάτων: 47  "
Βύρωνος|"
Σύνολο Αποτελεσμάτων: 38  "
Γαλατσίου|"
Σύνολο Αποτελεσμάτων: 34  "
Γαύδου|"
Σύνολο Αποτελεσμάτων: 6  "
Γεωργίου Καραϊσκάκη|"
Σύνολο Αποτελεσμάτων: 46  "
Γλυφάδας|"
Σύνολο Αποτελεσμάτων: 152  "
Γορτυνίας|"
Σύνολο Αποτελεσμάτων: 83  "
Γρεβενών|"
Σύνολο Αποτελεσμάτων: 99  "
Γόρτυνας|"
Σύνολο Αποτελεσμάτων: 23  "
Δάφνης - Υμηττού|"
Σύνολο Αποτελεσμάτων: 55  "
Δέλτα|"
Σύνολο Αποτελεσμάτων: 158  "
Δίου - Ολύμπου|"
Σύνολο Αποτελεσμάτων: 58  "
Δελφών|"
Σύνολο Αποτελεσμάτων: 87  "
Δεσκάτης|"
Σύνολο Αποτελεσμάτων: 8  "
Δήμων Βόρειας Κέρκυρας|"
Σύνολο Αποτελεσμάτων: 1  "
Διδυμοτείχου|"
Σύνολο Αποτελεσμάτων: 38  "
Διοίκηση Αγ. Όρους|"
Σύνολο Αποτελεσμάτων: 2  "
Διονύσου|"
Σύνολο Αποτελεσμάτων: 58  "
Διρφύων - Μεσσαπίων|"
Σύνολο Αποτελεσμάτων: 34  "
Διστόμου-Αράχοβας - Αντίκυρας|"
Σύνολο Αποτελεσμάτων: 29  "
Δομοκού|"
Σύνολο Αποτελεσμάτων: 28  "
Δοξάτου|"
Σύνολο Αποτελεσμάτων: 8  "
Δράμας|"
Σύνολο Αποτελεσμάτων: 51  "
Δυτικής Αχαΐας|"
Σύνολο Αποτελεσμάτων: 47  "
Δυτικής Λέσβου|"
Σύνολο Αποτελεσμάτων: 18  "
Δυτικής Μάνης|"
Σύνολο Αποτελεσμάτων: 22  "
Δωδώνης|"
Σύνολο Αποτελεσμάτων: 65  "
Δωρίδος|"
Σύνολο Αποτελεσμάτων: 103  "
Ελασσόνας|"
Σύνολο Αποτελεσμάτων: 51  "
Ελαφονήσου|"
Σύνολο Αποτελεσμάτων: 3  "
Ελευσίνας|"
Σύνολο Αποτελεσμάτων: 82  "
Ελληνικού - Αργυρούπολης|"
Σύνολο Αποτελεσμάτων: 76  "
Εμμανουήλ Παππά|"
Σύνολο Αποτελεσμάτων: 10  "
Εορδαίας|"
Σύνολο Αποτελεσμάτων: 49  "
Επιδαύρου|"
Σύνολο Αποτελεσμάτων: 26  "
Ερέτριας|"
Σύνολο Αποτελεσμάτων: 24  "
Ερμιονίδας|"
Σύνολο Αποτελεσμάτων: 84  "
Ερυμάνθου|"
Σύνολο Αποτελεσμάτων: 28  "
Ευρώτα|"
Σύνολο Αποτελεσμάτων: 47  "
Ζίτσας|"
Σύνολο Αποτελεσμάτων: 32  "
Ζαγοράς - Μουρεσίου|"
Σύνολο Αποτελεσμάτων: 21  "
Ζαγορίου|"
Σύνολο Αποτελεσμάτων: 46  "
Ζακύνθου|"
Σύνολο Αποτελεσμάτων: 107  "
Ζαχάρως|"
Σύνολο Αποτελεσμάτων: 34  "
Ζηρού|"
Σύνολο Αποτελεσμάτων: 27  "
Ζωγράφου|"
Σύνολο Αποτελεσμάτων: 48  "
Ηγουμενίτσας|"
Σύνολο Αποτελεσμάτων: 49  "
Ηλιουπόλεως|"
Σύνολο Αποτελεσμάτων: 52  "
Ηρακλείας|"
Σύνολο Αποτελεσμάτων: 24  "
Ηρακλείου|"
Σύνολο Αποτελεσμάτων: 57  "
Ηρακλείου Κρήτης|"
Σύνολο Αποτελεσμάτων: 285  "
Θάσου|"
Σύνολο Αποτελεσμάτων: 50  "
Θέρμης|"
Σύνολο Αποτελεσμάτων: 126  "
Θέρμου|"
Σύνολο Αποτελεσμάτων: 42  "
Θήρας|"
Σύνολο Αποτελεσμάτων: 82  "
Θερμαϊκού|"
Σύνολο Αποτελεσμάτων: 41  "
Θεσσαλονίκης|"
Σύνολο Αποτελεσμάτων: 532  "
Θηβαίων|"
Σύνολο Αποτελεσμάτων: 79  "
Ιάσμου|"
Σύνολο Αποτελεσμάτων: 11  "
Ιεράπετρας|"
Σύνολο Αποτελεσμάτων: 73  "
Ιεράς Πόλης Μεσολογγίου|"
Σύνολο Αποτελεσμάτων: 58  "
Ιητών|"
Σύνολο Αποτελεσμάτων: 21  "
Ιθάκης|"
Σύνολο Αποτελεσμάτων: 15  "
Ικαρίας|"
Σύνολο Αποτελεσμάτων: 50  "
Ιλίου|"
Σύνολο Αποτελεσμάτων: 53  "
Ιστιαίας - Αιδηψού|"
Σύνολο Αποτελεσμάτων: 66  "
Ιωαννιτών|"
Σύνολο Αποτελεσμάτων: 168  "
Κάσου|"
Σύνολο Αποτελεσμάτων: 5  "
Κάτω Νευροκοπίου|"
Σύνολο Αποτελεσμάτων: 34  "
Κέας|"
Σύνολο Αποτελεσμάτων: 29  "
Κέρκυρας|"
Σύνολο Αποτελεσμάτων: 208  "
Καβάλας|"
Σύνολο Αποτελεσμάτων: 88  "
Καισαριανής|"
Σύνολο Αποτελεσμάτων: 66  "
Καλαβρύτων|"
Σύνολο Αποτελεσμάτων: 90  "
Καλαμάτας|"
Σύνολο Αποτελεσμάτων: 88  "
Καλαμαριάς|"
Σύνολο Αποτελεσμάτων: 68  "
Καλλιθέας|"
Σύνολο Αποτελεσμάτων: 137  "
Καλυμνίων|"
Σύνολο Αποτελεσμάτων: 29  "
Καμένων Βούρλων|"
Σύνολο Αποτελεσμάτων: 25  "
Καντάνου - Σέλινου|"
Σύνολο Αποτελεσμάτων: 33  "
Καρδίτσας|"
Σύνολο Αποτελεσμάτων: 57  "
Καρπάθου|"
Σύνολο Αποτελεσμάτων: 41  "
Καρπενησίου|"
Σύνολο Αποτελεσμάτων: 84  "
Καρύστου|"
Σύνολο Αποτελεσμάτων: 73  "
Κασσάνδρας|"
Σύνολο Αποτελεσμάτων: 89  "
Καστοριάς|"
Σύνολο Αποτελεσμάτων: 66  "
Κατερίνης|"
Σύνολο Αποτελεσμάτων: 86  "
Κεντρικής Κέρκυρας και Διαποντίων Νήσων|0
Κεντρικών Τζουμέρκων|"
Σύνολο Αποτελεσμάτων: 42  "
Κερατσινίου - Δραπετσώνας|"
Σύνολο Αποτελεσμάτων: 63  "
Κεφαλλονιάς|"
Σύνολο Αποτελεσμάτων: 95  "
Κηφισιάς|"
Σύνολο Αποτελεσμάτων: 281  "
Κιλελέρ|"
Σύνολο Αποτελεσμάτων: 52  "
Κιλκίς|"
Σύνολο Αποτελεσμάτων: 83  "
Κιμώλου|"
Σύνολο Αποτελεσμάτων: 6  "
Κισσάμου|"
Σύνολο Αποτελεσμάτων: 43  "
Κοζάνης|"
Σύνολο Αποτελεσμάτων: 68  "
Κομοτηνής|"
Σύνολο Αποτελεσμάτων: 54  "
Κορδελιού - Ευόσμου|"
Σύνολο Αποτελεσμάτων: 69  "
Κορινθίων|"
Σύνολο Αποτελεσμάτων: 141  "
Κορυδαλλού|"
Σύνολο Αποτελεσμάτων: 51  "
Κρωπίας|"
Σύνολο Αποτελεσμάτων: 108  "
Κυθήρων|"
Σύνολο Αποτελεσμάτων: 33  "
Κω|"
Σύνολο Αποτελεσμάτων: 111  "
Κόνιτσας|"
Σύνολο Αποτελεσμάτων: 49  "
Κύθνου|"
Σύνολο Αποτελεσμάτων: 26  "
Κύμης - Αλιβερίου|"
Σύνολο Αποτελεσμάτων: 68  "
Λέρου|"
Σύνολο Αποτελεσμάτων: 22  "
Λέσβου|"
Σύνολο Αποτελεσμάτων: 148  "
Λήμνου|"
Σύνολο Αποτελεσμάτων: 40  "
Λίμνης Πλαστήρα|"
Σύνολο Αποτελεσμάτων: 20  "
Λαγκαδά|"
Σύνολο Αποτελεσμάτων: 55  "
Λαμιέων|"
Σύνολο Αποτελεσμάτων: 106  "
Λαρισαίων|"
Σύνολο Αποτελεσμάτων: 172  "
Λαυρεωτικής|"
Σύνολο Αποτελεσμάτων: 69  "
Λεβαδέων|"
Σύνολο Αποτελεσμάτων: 29  "
Λειψών|"
Σύνολο Αποτελεσμάτων: 6  "
Λευκάδας|"
Σύνολο Αποτελεσμάτων: 42  "
Λοκρών|"
Σύνολο Αποτελεσμάτων: 54  "
Λουτρακίου - Αγ. Θεοδώρων|"
Σύνολο Αποτελεσμάτων: 63  "
Λυκόβρυσης - Πεύκης|"
Σύνολο Αποτελεσμάτων: 49  "
Ληξουρίου|0
Μάνδρας - Ειδυλλίας|"
Σύνολο Αποτελεσμάτων: 75  "
Μήλου|"
Σύνολο Αποτελεσμάτων: 29  "
Μακρακώμης|"
Σύνολο Αποτελεσμάτων: 58  "
Μαλεβιζίου|"
Σύνολο Αποτελεσμάτων: 90  "
Μαντουδίου - Λίμνης - Αγίας Άννας|"
Σύνολο Αποτελεσμάτων: 51  "
Μαραθώνος|"
Σύνολο Αποτελεσμάτων: 57  "
Μαρκοπούλου Μεσογαίας|"
Σύνολο Αποτελεσμάτων: 64  "
Μαρωνείας - Σαπών|"
Σύνολο Αποτελεσμάτων: 35  "
Μεγίστης|"
Σύνολο Αποτελεσμάτων: 13  "
Μεγαλόπολης|"
Σύνολο Αποτελεσμάτων: 60  "
Μεγανησίου|"
Σύνολο Αποτελεσμάτων: 3  "
Μεγαρέων|"
Σύνολο Αποτελεσμάτων: 48  "
Μεσσήνης|"
Σύνολο Αποτελεσμάτων: 58  "
Μεταμορφώσεως|"
Σύνολο Αποτελεσμάτων: 77  "
Μετεώρων|"
Σύνολο Αποτελεσμάτων: 122  "
Μετσόβου|"
Σύνολο Αποτελεσμάτων: 33  "
Μινώα Πεδιάδας|"
Σύνολο Αποτελεσμάτων: 17  "
Μονεμβασιάς|"
Σύνολο Αποτελεσμάτων: 81  "
Μοσχάτου - Ταύρου|"
Σύνολο Αποτελεσμάτων: 111  "
Μουζακίου|"
Σύνολο Αποτελεσμάτων: 31  "
Μυκόνου|"
Σύνολο Αποτελεσμάτων: 96  "
Μυλοποτάμου|"
Σύνολο Αποτελεσμάτων: 40  "
Μύκης|"
Σύνολο Αποτελεσμάτων: 54  "
Μυτιλήνης|"
Σύνολο Αποτελεσμάτων: 19  "
Νάξου & Μικρών Κυκλάδων|0
Νάουσας|"
Σύνολο Αποτελεσμάτων: 40  "
Νέας Ζίχνης|"
Σύνολο Αποτελεσμάτων: 20  "
Νέας Ιωνίας|"
Σύνολο Αποτελεσμάτων: 74  "
Νέας Προποντίδας|"
Σύνολο Αποτελεσμάτων: 60  "
Νέας Σμύρνης|"
Σύνολο Αποτελεσμάτων: 54  "
Νέστου|"
Σύνολο Αποτελεσμάτων: 37  "
Νίκαιας - Αγίου Ι. Ρέντη|"
Σύνολο Αποτελεσμάτων: 135  "
Ναυπακτίας|"
Σύνολο Αποτελεσμάτων: 111  "
Ναυπλιέων|"
Σύνολο Αποτελεσμάτων: 55  "
Νεάπολης - Συκεών|"
Σύνολο Αποτελεσμάτων: 51  "
Νεμέας|"
Σύνολο Αποτελεσμάτων: 16  "
Νεστορίου|"
Σύνολο Αποτελεσμάτων: 21  "
Νικολάου Σκουφά|"
Σύνολο Αποτελεσμάτων: 14  "
Νισύρου|"
Σύνολο Αποτελεσμάτων: 11  "
Νοτίου Πηλίου|"
Σύνολο Αποτελεσμάτων: 34  "
Νότιας Κυνουρίας|"
Σύνολο Αποτελεσμάτων: 34  "
Ξάνθης|"
Σύνολο Αποτελεσμάτων: 83  "
Ξηρομέρου|"
Σύνολο Αποτελεσμάτων: 35  "
Ξυλοκάστρου - Ευρωστίνης|"
Σύνολο Αποτελεσμάτων: 60  "
Οινουσσών|"
Σύνολο Αποτελεσμάτων: 4  "
Οιχαλίας|"
Σύνολο Αποτελεσμάτων: 32  "
Ορεστίδος|0
Ορεστιάδας|"
Σύνολο Αποτελεσμάτων: 58  "
Οροπεδίου Λασιθίου|"
Σύνολο Αποτελεσμάτων: 5  "
Ορχομενού|"
Σύνολο Αποτελεσμάτων: 24  "
Πάργας|"
Σύνολο Αποτελεσμάτων: 36  "
Πάρου|"
Σύνολο Αποτελεσμάτων: 78  "
Πάτμου|"
Σύνολο Αποτελεσμάτων: 22  "
Πέλλας|"
Σύνολο Αποτελεσμάτων: 51  "
Παγγαίου|"
Σύνολο Αποτελεσμάτων: 59  "
Παιανίας|"
Σύνολο Αποτελεσμάτων: 92  "
Παιονίας|"
Σύνολο Αποτελεσμάτων: 40  "
Παλαιού Φαλήρου|"
Σύνολο Αποτελεσμάτων: 100  "
Παλαμά|"
Σύνολο Αποτελεσμάτων: 16  "
Παλλήνης|"
Σύνολο Αποτελεσμάτων: 110  "
Παξών|"
Σύνολο Αποτελεσμάτων: 11  "
Παπάγου - Χολαργού|"
Σύνολο Αποτελεσμάτων: 73  "
Παρανεστίου|"
Σύνολο Αποτελεσμάτων: 19  "
Πατρέων|"
Σύνολο Αποτελεσμάτων: 267  "
Παύλου Μελά|"
Σύνολο Αποτελεσμάτων: 74  "
Πειραιώς|"
Σύνολο Αποτελεσμάτων: 286  "
Πεντέλης|"
Σύνολο Αποτελεσμάτων: 60  "
Περάματος|"
Σύνολο Αποτελεσμάτων: 31  "
Περιστερίου|"
Σύνολο Αποτελεσμάτων: 154  "
Πετρούπολης|"
Σύνολο Αποτελεσμάτων: 32  "
Πηνειού|"
Σύνολο Αποτελεσμάτων: 19  "
Πλατανιά|"
Σύνολο Αποτελεσμάτων: 51  "
Πολυγύρου|"
Σύνολο Αποτελεσμάτων: 69  "
Πρέβεζας|"
Σύνολο Αποτελεσμάτων: 56  "
Πρεσπών|"
Σύνολο Αποτελεσμάτων: 38  "
Προσοτσάνης|"
Σύνολο Αποτελεσμάτων: 19  "
Πυλαίας - Χορτιάτη|"
Σύνολο Αποτελεσμάτων: 193  "
Πωγωνίου|"
Σύνολο Αποτελεσμάτων: 44  "
Πόρου|"
Σύνολο Αποτελεσμάτων: 9  "
Πύδνας - Κολινδρού|"
Σύνολο Αποτελεσμάτων: 29  "
Πύλης|"
Σύνολο Αποτελεσμάτων: 57  "
Πύλου - Νέστορος|"
Σύνολο Αποτελεσμάτων: 65  "
Πύργου|"
Σύνολο Αποτελεσμάτων: 68  "
Ρήγα Φερραίου|"
Σύνολο Αποτελεσμάτων: 21  "
Ραφήνας - Πικερμίου|"
Σύνολο Αποτελεσμάτων: 50  "
Ρεθύμνης|"
Σύνολο Αποτελεσμάτων: 131  "
Ρόδου|"
Σύνολο Αποτελεσμάτων: 316  "
Σάμης|"
Σύνολο Αποτελεσμάτων: 2  "
Σάμου|"
Σύνολο Αποτελεσμάτων: 93  "
Σίφνου|"
Σύνολο Αποτελεσμάτων: 24  "
Σαλαμίνας|"
Σύνολο Αποτελεσμάτων: 35  "
Σαμοθράκης|"
Σύνολο Αποτελεσμάτων: 17  "
Σαρωνικού|"
Σύνολο Αποτελεσμάτων: 38  "
Σερίφου|"
Σύνολο Αποτελεσμάτων: 19  "
Σερβίων|"
Σύνολο Αποτελεσμάτων: 1  "
Σερβίων - Βελβεντού|"
Σύνολο Αποτελεσμάτων: 43  "
Σερρών|"
Σύνολο Αποτελεσμάτων: 94  "
Σητείας|"
Σύνολο Αποτελεσμάτων: 67  "
Σιθωνίας|"
Σύνολο Αποτελεσμάτων: 61  "
Σικίνου|"
Σύνολο Αποτελεσμάτων: 3  "
Σικυωνίων|"
Σύνολο Αποτελεσμάτων: 36  "
Σιντικής|"
Σύνολο Αποτελεσμάτων: 57  "
Σκιάθου|"
Σύνολο Αποτελεσμάτων: 38  "
Σκοπέλου|"
Σύνολο Αποτελεσμάτων: 16  "
Σκύδρας|"
Σύνολο Αποτελεσμάτων: 16  "
Σκύρου|"
Σύνολο Αποτελεσμάτων: 25  "
Σουλίου|"
Σύνολο Αποτελεσμάτων: 46  "
Σουφλίου|"
Σύνολο Αποτελεσμάτων: 55  "
Σοφάδων|"
Σύνολο Αποτελεσμάτων: 46  "
Σπάρτης|"
Σύνολο Αποτελεσμάτων: 72  "
Σπάτων - Αρτέμιδος|"
Σύνολο Αποτελεσμάτων: 91  "
Σπετσών|"
Σύνολο Αποτελεσμάτων: 14  "
Στυλίδας|"
Σύνολο Αποτελεσμάτων: 23  "
Σφακίων|"
Σύνολο Αποτελεσμάτων: 24  "
Σύμης|"
Σύνολο Αποτελεσμάτων: 11  "
Σύρου - Ερμούπολης|"
Σύνολο Αποτελεσμάτων: 47  "
Τήλου|"
Σύνολο Αποτελεσμάτων: 6  "
Τήνου|"
Σύνολο Αποτελεσμάτων: 35  "
Τανάγρας|"
Σύνολο Αποτελεσμάτων: 111  "
Τεμπών|"
Σύνολο Αποτελεσμάτων: 62  "
Τοπείρου|"
Σύνολο Αποτελεσμάτων: 14  "
Τρίπολης|"
Σύνολο Αποτελεσμάτων: 121  "
Τρικκαίων|"
Σύνολο Αποτελεσμάτων: 91  "
Τριφυλίας|"
Σύνολο Αποτελεσμάτων: 54  "
Τροιζηνίας|"
Σύνολο Αποτελεσμάτων: 19  "
Τυρνάβου|"
Σύνολο Αποτελεσμάτων: 20  "
Φαιστού|"
Σύνολο Αποτελεσμάτων: 44  "
Φαρκαδόνας|"
Σύνολο Αποτελεσμάτων: 24  "
Φαρσάλων|"
Σύνολο Αποτελεσμάτων: 24  "
Φιλαδελφείας - Χαλκηδόνος|"
Σύνολο Αποτελεσμάτων: 32  "
Φιλιατών|"
Σύνολο Αποτελεσμάτων: 55  "
Φιλοθέης - Ψυχικού|"
Σύνολο Αποτελεσμάτων: 49  "
Φλώρινας|"
Σύνολο Αποτελεσμάτων: 44  "
Φολεγάνδρου|"
Σύνολο Αποτελεσμάτων: 7  "
Φούρνων Κορσεών|"
Σύνολο Αποτελεσμάτων: 7  "
Φυλής|"
Σύνολο Αποτελεσμάτων: 62  "
Χάλκης|"
Σύνολο Αποτελεσμάτων: 4  "
Χίου|"
Σύνολο Αποτελεσμάτων: 140  "
Χαλανδρίου|"
Σύνολο Αποτελεσμάτων: 130  "
Χαλκηδόνος|"
Σύνολο Αποτελεσμάτων: 46  "
Χαλκιδέων|"
Σύνολο Αποτελεσμάτων: 126  "
Χανίων|"
Σύνολο Αποτελεσμάτων: 207  "
Χαϊδαρίου|"
Σύνολο Αποτελεσμάτων: 59  "
Χερσονήσου|"
Σύνολο Αποτελεσμάτων: 92  "
Ψαρών|"
Σύνολο Αποτελεσμάτων: 6  "
Ωραιοκάστρου|"
Σύνολο Αποτελεσμάτων: 60  "
Ωρωπού|"
Σύνολο Αποτελεσμάτων: 96  "
